year,state,sector,sex,age,ind_lang,educ_years,hrs_wk,inc_m,USDist_km
2010,1,"Services",1,30,0,12,48,3600,600.6932
2010,1,"Services",0,16,0,9,98,4286,557.6143
2010,1,"Agriculture",0,19,0,10,24,1286,616.0118
2010,1,"Manufacturing",0,29,0,12,45,4286,550.4415
2010,1,"Services",0,38,0,9,40,4600,597.9345
2010,1,"Services",0,50,0,13,30,8000,561.4097
2010,1,"Agriculture",0,23,0,12,40,4286,576.3932
2010,2,"Services",0,63,0,6,24,2143,262.4229
2010,2,"Manufacturing",1,44,0,9,20,8571,90.35693
2010,2,"Services",0,21,0,12,48,5143,17.32809
2010,3,"Services",0,53,0,6,42,5143,789.9296
2010,3,"Services",0,41,0,9,48,6429,873.3539
2010,4,"Manufacturing",1,71,1,6,56,1071,935.03
2010,4,"Services",0,56,0,9,40,7100,990.4947
2010,4,"Services",1,34,0,3,136,4286,1003.844
2010,4,"Agriculture",0,46,0,6,98,5143,965.3533
2010,5,"Services",0,49,0,3,49,4714,194.0356
2010,5,"Manufacturing",0,21,0,16,48,3214,198.1734
2010,5,"Agriculture",0,63,0,3,60,3000,293.0302
2010,5,"Services",1,21,0,12,48,4071,188.0016
2010,5,"Agriculture",0,20,0,12,45,2571,376.8802
2010,5,"Services",1,55,0,11,40,4286,163.7008
2010,5,"Manufacturing",0,22,0,15,66,7714,67.92961
2010,5,"Services",1,35,0,16,25,6000,131.0172
2010,5,"Agriculture",0,69,0,3,35,1714,185.5017
2010,5,"Services",0,28,0,12,40,3857,313.8021
2010,5,"Services",1,43,0,8,24,2143,6.60933
2010,5,"Agriculture",0,48,0,16,72,6429,219.4536
2010,5,"Services",0,51,0,16,48,24000,92.10947
2010,5,"Services",0,52,0,9,35,3000,253.3858
2010,5,"Services",1,46,0,11,48,3000,169.2829
2010,5,"Services",0,35,0,9,39,4286,419.9296
2010,5,"Services",0,18,0,12,30,2571,72.06271
2010,6,"Services",1,43,0,18,50,8000,927.2943
2010,6,"Services",1,17,0,11,20,1400,935.5383
2010,6,"Agriculture",0,14,0,6,6,343,944.0714
2010,6,"Services",0,47,0,3,48,6429,960.2075
2010,6,"Services",0,60,0,12,32,30000,1027.323
2010,6,"Services",0,44,1,17,70,12000,919.9224
2010,7,"Manufacturing",0,23,0,9,70,3000,1128.036
2010,7,"Services",0,20,0,9,48,2400,1264.851
2010,7,"Agriculture",0,49,0,3,36,2571,1116.374
2010,7,"Services",1,53,1,1,70,1000,1074.673
2010,7,"Manufacturing",1,35,0,8,80,2143,1304.859
2010,7,"Agriculture",0,34,0,6,24,6400,1182.047
2010,7,"Services",0,29,1,3,54,300,1106.664
2010,7,"Agriculture",0,20,1,0,35,429,1098.607
2010,7,"Agriculture",0,15,0,6,36,1543,1222.485
2010,7,"Agriculture",0,15,1,4,48,1286,1108.55
2010,7,"Services",0,48,1,0,54,1286,1032.681
2010,7,"Agriculture",0,25,0,12,50,3000,1301.817
2010,7,"Agriculture",0,37,1,6,36,1286,1132.078
2010,7,"Services",1,25,0,3,45,1600,1027.433
2010,7,"Services",0,30,1,4,30,857,1091.773
2010,7,"Services",1,39,0,9,100,1500,1074.815
2010,7,"Services",1,33,0,3,28,1286,1236.468
2010,7,"Services",0,54,0,6,50,4286,1274.463
2010,7,"Services",0,42,0,6,30,857,1183.003
2010,7,"Services",1,24,1,12,60,4600,1044.459
2010,7,"Agriculture",0,44,1,3,36,1843,1071.805
2010,7,"Services",0,20,0,9,70,6429,1087.248
2010,7,"Agriculture",0,42,1,0,40,1500,1052.705
2010,7,"Agriculture",0,23,0,12,30,1286,1203.332
2010,7,"Services",0,42,0,12,70,2143,1166.568
2010,7,"Services",0,25,0,9,40,2143,1068.898
2010,7,"Manufacturing",0,26,1,4,60,2571,1077.261
2010,7,"Manufacturing",0,40,0,4,72,4286,1110.812
2010,7,"Services",1,20,0,9,40,1600,1348.003
2010,7,"Manufacturing",0,27,0,12,46,5143,1314.515
2010,7,"Agriculture",0,62,0,0,40,1714,1031.988
2010,7,"Services",0,40,1,17,40,7400,1060.174
2010,7,"Services",1,32,0,15,40,4000,1151.218
2010,7,"Services",0,31,0,16,60,5000,1095.017
2010,7,"Agriculture",0,27,1,0,77,1417,1160.49
2010,7,"Agriculture",0,17,0,0,56,1714,1157.157
2010,7,"Agriculture",0,48,1,9,48,6857,1087.035
2010,7,"Services",0,27,1,12,35,3000,1111.938
2010,7,"Agriculture",0,30,1,9,30,250,1109.024
2010,7,"Services",1,19,0,5,10,643,1265.719
2010,7,"Services",1,26,1,7,60,6429,1067.539
2010,8,"Services",1,27,0,10,40,3000,121.4973
2010,8,"Services",0,49,0,4,24,1543,275.6095
2010,8,"Services",1,27,0,10,40,2571,320.6446
2010,8,"Services",0,53,0,4,34,6000,311.1426
2010,8,"Services",0,60,0,9,64,4286,185.583
2010,8,"Agriculture",0,29,0,6,50,25000,280.7807
2010,8,"Manufacturing",1,50,0,6,24,2571,180.4188
2010,8,"Services",1,34,0,17,35,4000,429.8185
2010,8,"Services",1,59,0,0,1,214,190.9964
2010,8,"Agriculture",0,24,0,6,60,4286,141.1313
2010,8,"Services",1,47,0,9,48,1066,291.7553
2010,8,"Services",0,23,0,7,30,9857,29.83639
2010,8,"Services",1,31,0,9,20,3000,29.79134
2010,8,"Services",0,32,0,6,12,6000,282.4521
2010,8,"Services",0,18,0,12,48,3214,171.0442
2010,8,"Agriculture",0,52,0,9,50,3429,314.5122
2010,8,"Services",0,28,0,9,40,6857,290.3017
2010,8,"Services",1,24,0,10,15,900,231.801
2010,8,"Manufacturing",0,49,0,7,48,6857,326.6199
2010,9,"Manufacturing",0,34,0,10,48,6429,723.0373
2010,9,"Services",1,45,0,15,48,5000,743.5779
2010,9,"Services",1,53,0,17,35,15000,719.3757
2010,9,"Services",0,35,0,9,48,4200,730.359
2010,9,"Services",1,27,0,15,40,800,734.6133
2010,9,"Services",0,30,0,12,48,1714,748.4044
2010,9,"Manufacturing",1,30,0,6,36,3000,740.6537
2010,9,"Services",0,42,0,6,48,3600,741.1616
2010,9,"Services",1,36,0,8,55,2200,754.4653
2010,9,"Services",1,33,0,12,48,5000,746.6988
2010,9,"Services",0,31,0,16,30,8000,733.7305
2010,9,"Services",1,37,0,9,48,3000,727.9907
2010,9,"Services",1,18,0,10,30,1200,729.7401
2010,9,"Services",1,33,0,16,48,7000,726.7211
2010,10,"Services",0,26,0,8,35,6000,474.5557
2010,10,"Services",0,28,0,12,43,6857,573.7803
2010,10,"Manufacturing",1,30,0,9,45,3857,359.3846
2010,10,"Manufacturing",1,55,0,6,18,1286,509.8373
2010,10,"Services",0,45,0,17,48,20000,388.4612
2010,10,"Services",0,33,0,6,18,4286,323.6856
2010,10,"Services",0,42,0,10,30,3429,423.7854
2010,10,"Services",0,53,0,4,60,3429,646.4317
2010,10,"Services",0,20,0,13,12,1029,436.1982
2010,10,"Manufacturing",0,18,0,9,40,2143,578.0001
2010,10,"Manufacturing",0,39,0,8,72,3429,475.0348
2010,10,"Services",1,31,0,12,30,200,487.8526
2010,11,"Services",1,22,0,13,40,7286,620.8721
2010,11,"Services",0,20,0,12,40,5571,666.0049
2010,11,"Services",1,36,0,12,40,4286,641.6797
2010,11,"Services",0,49,0,3,20,2143,606.027
2010,11,"Services",1,38,0,9,8,514,686.9897
2010,11,"Services",0,52,0,6,40,2143,635.447
2010,11,"Manufacturing",0,19,0,3,70,2143,583.3549
2010,11,"Agriculture",0,23,0,6,54,3000,716.7013
2010,11,"Services",0,27,0,16,56,21429,668.3053
2010,11,"Services",1,44,0,9,50,3000,663.1005
2010,11,"Services",1,18,0,9,48,2571,644.6589
2010,11,"Agriculture",0,21,0,0,36,2571,715.9845
2010,12,"Services",0,22,0,9,70,1286,1007.945
2010,12,"Services",0,34,0,6,48,3214,905.5715
2010,12,"Services",1,49,0,13,23,6000,938.4301
2010,12,"Agriculture",0,47,0,3,24,1286,910.8433
2010,12,"Agriculture",0,65,0,12,48,3000,1012.89
2010,12,"Agriculture",0,40,0,1,14,1071,838.8105
2010,12,"Agriculture",0,20,0,8,48,2571,1040.813
2010,12,"Agriculture",0,20,1,7,80,2143,933.4567
2010,12,"Manufacturing",0,55,0,17,48,24000,960.8041
2010,12,"Services",0,23,0,9,36,5800,1003.09
2010,12,"Services",0,25,0,17,40,5600,966.9335
2010,12,"Services",0,44,0,6,16,343,982.3473
2010,12,"Services",0,36,0,9,20,2143,937.4784
2010,12,"Services",0,32,0,0,45,7714,905.0748
2010,12,"Services",1,19,0,12,40,5000,1017.037
2010,12,"Services",0,40,0,6,24,1286,957.8195
2010,12,"Services",0,50,0,15,40,4600,931.0129
2010,12,"Services",0,21,0,9,60,3857,837.1788
2010,12,"Manufacturing",1,15,1,7,6,100,985.688
2010,12,"Manufacturing",0,59,1,0,30,771,992.3282
2010,12,"Services",0,50,1,12,35,4000,910.3427
2010,12,"Agriculture",0,80,0,0,70,2143,1024.191
2010,12,"Agriculture",0,36,1,6,24,643,940.1416
2010,12,"Services",1,28,1,9,50,2500,977.8942
2010,13,"Agriculture",0,31,0,6,84,2143,629.387
2010,13,"Agriculture",1,31,1,0,50,2571,630.8412
2010,13,"Services",0,17,0,9,84,8571,626.9273
2010,13,"Services",0,15,0,6,24,1286,611.3229
2010,13,"Manufacturing",0,20,0,12,50,8571,652.2939
2010,13,"Services",0,20,0,9,48,4286,631.7627
2010,13,"Manufacturing",0,51,0,6,40,400000,672.329
2010,13,"Services",1,16,1,6,66,3000,601.0283
2010,13,"Agriculture",0,42,0,9,50,2571,635.7843
2010,13,"Manufacturing",1,37,0,6,48,3000,652.0237
2010,13,"Services",1,53,1,0,8,343,590.4026
2010,13,"Manufacturing",0,18,0,11,10,3429,612.1926
2010,13,"Agriculture",0,39,0,9,56,2571,622.2137
2010,13,"Services",1,52,0,0,56,4286,640.5807
2010,13,"Services",1,25,0,9,4,1286,643.711
2010,13,"Services",0,21,0,12,54,3429,565.24
2010,13,"Services",1,30,1,12,8,500,584.6379
2010,13,"Services",0,49,0,6,72,8571,647.3002
2010,13,"Manufacturing",1,42,0,9,2,514,634.5866
2010,13,"Services",0,32,0,6,50,4000,654.1326
2010,13,"Manufacturing",0,28,0,9,72,3857,654.5417
2010,13,"Services",0,40,0,4,96,5500,570.184
2010,13,"Manufacturing",1,41,0,9,50,3429,666.4709
2010,13,"Services",0,42,0,12,40,9000,636.9749
2010,13,"Manufacturing",0,18,0,11,84,2143,664.3726
2010,14,"Manufacturing",0,50,0,4,45,5143,731.6204
2010,14,"Services",0,34,0,9,10,5000,802.5593
2010,14,"Agriculture",0,35,0,12,48,5143,842.8965
2010,14,"Agriculture",0,74,0,5,40,2500,792.9515
2010,14,"Services",0,24,0,9,60,5143,886.4442
2010,14,"Manufacturing",1,22,0,6,21,3429,966.6745
2010,14,"Services",0,38,0,12,72,10714,863.9944
2010,14,"Services",1,30,0,15,15,2000,721.1784
2010,14,"Manufacturing",0,18,0,7,48,6429,726.6747
2010,14,"Agriculture",0,28,0,6,48,5143,877.3217
2010,14,"Services",1,21,0,14,48,2143,619.318
2010,14,"Services",0,28,0,6,40,3429,806.1316
2010,14,"Agriculture",0,62,0,6,36,3857,894.1584
2010,14,"Services",1,28,0,16,40,4000,764.11
2010,14,"Services",1,40,0,12,40,12000,783.3641
2010,14,"Services",0,40,0,18,30,14000,669.4416
2010,14,"Services",1,50,0,1,24,1286,767.1827
2010,14,"Services",0,59,0,6,36,3857,802.1437
2010,14,"Services",1,32,0,6,40,3857,609.9631
2010,14,"Agriculture",0,64,0,4,63,10714,785.9249
2010,14,"Services",0,18,0,9,42,2143,847.6766
2010,14,"Services",0,31,0,15,40,4714,757.6599
2010,14,"Agriculture",0,46,0,6,48,3000,911.772
2010,14,"Services",1,25,0,12,60,8571,771.7924
2010,14,"Services",0,57,0,6,30,12857,672.0007
2010,14,"Services",1,23,0,13,62,4286,711.4706
2010,14,"Services",0,36,0,7,50,4286,682.9425
2010,14,"Manufacturing",0,27,0,9,112,5143,849.1375
2010,14,"Services",0,51,0,6,32,4286,842.5686
2010,14,"Services",1,34,0,12,48,5143,717.3967
2010,14,"Services",1,31,0,2,6,400,801.9858
2010,14,"Services",0,30,0,9,80,6000,772.8071
2010,14,"Services",0,54,0,0,60,5143,762.6812
2010,14,"Agriculture",1,24,0,12,48,4286,891.8864
2010,14,"Services",0,43,0,12,35,12857,660.6087
2010,14,"Services",1,30,0,12,48,3429,698.6706
2010,14,"Services",0,35,0,9,60,5786,762.6318
2010,14,"Services",0,31,0,8,48,3857,895.7985
2010,15,"Agriculture",0,26,1,5,66,2571,675.2718
2010,15,"Services",0,37,0,7,84,2143,766.2702
2010,15,"Manufacturing",0,23,0,9,35,4286,668.8113
2010,15,"Services",0,59,0,6,35,4286,711.3158
2010,15,"Services",1,28,0,17,50,14000,716.8962
2010,15,"Services",0,39,0,9,60,42857,708.3375
2010,15,"Services",0,28,0,9,45,4000,769.9392
2010,15,"Services",1,38,0,9,42,3214,705.9521
2010,15,"Services",1,50,0,9,35,857,691.8818
2010,15,"Services",1,26,0,12,30,5143,700.6726
2010,15,"Services",0,58,0,12,54,5906,740.3165
2010,15,"Services",0,25,0,16,30,6000,706.6564
2010,15,"Manufacturing",0,22,0,9,90,4714,725.0803
2010,15,"Services",1,44,0,6,50,1286,724.3491
2010,15,"Services",0,22,0,9,70,4286,769.8171
2010,15,"Services",0,46,0,5,150,10714,710.1478
2010,15,"Services",1,38,0,6,30,5143,669.1387
2010,15,"Services",0,60,0,6,60,10714,738.0994
2010,15,"Services",1,45,0,16,20,4286,722.6685
2010,15,"Services",0,25,0,9,50,7714,729.5676
2010,15,"Services",1,50,0,19,25,8000,730.5749
2010,15,"Services",0,26,0,18,48,5000,693.5521
2010,15,"Services",1,51,0,3,24,2571,726.378
2010,15,"Services",0,29,0,16,46,6000,795.806
2010,15,"Manufacturing",0,36,0,9,48,5000,759.5952
2010,15,"Services",0,25,1,9,56,3000,727.4237
2010,15,"Manufacturing",0,19,0,11,24,2143,725.9186
2010,15,"Services",0,24,0,6,33,2143,713.8898
2010,15,"Services",0,26,0,6,72,4286,692.943
2010,15,"Services",0,27,0,8,55,4714,736.2796
2010,15,"Agriculture",1,48,0,6,28,2143,764.8888
2010,15,"Services",0,42,0,9,66,5143,730.8732
2010,15,"Manufacturing",0,35,0,12,48,6857,770.4996
2010,15,"Manufacturing",0,17,0,9,77,3429,728.5377
2010,15,"Services",0,18,0,10,25,2571,756.0471
2010,15,"Services",0,37,0,9,62,5143,826.2018
2010,15,"Services",0,47,0,6,66,7000,694.5978
2010,15,"Agriculture",0,26,0,9,40,4286,817.8812
2010,15,"Services",0,40,0,6,40,4286,789.7546
2010,15,"Services",0,43,1,2,50,3429,734.9694
2010,15,"Services",0,19,0,9,30,1500,788.8193
2010,15,"Services",0,36,0,9,48,4286,751.8929
2010,15,"Services",0,66,0,2,20,4286,778.3336
2010,15,"Services",0,48,0,9,77,5143,693.9134
2010,15,"Services",0,24,0,5,30,2143,704.5026
2010,15,"Services",1,39,0,6,30,6429,716.387
2010,15,"Services",0,19,0,11,50,5143,716.7256
2010,15,"Manufacturing",0,37,0,6,45,4071,758.4081
2010,15,"Services",1,41,1,0,25,1714,700.6864
2010,15,"Services",0,33,0,15,40,3000,707.2991
2010,15,"Services",0,31,0,5,55,6429,751.3402
2010,15,"Services",0,39,0,9,55,6429,737.1945
2010,15,"Services",1,50,0,6,16,6429,685.5952
2010,15,"Manufacturing",1,29,0,15,72,10000,706.0573
2010,15,"Services",0,49,1,5,84,3000,740.0302
2010,15,"Services",0,43,0,9,30,9000,698.8947
2010,16,"Services",1,69,0,0,80,643,890.227
2010,16,"Manufacturing",0,23,0,9,48,3857,739.003
2010,16,"Agriculture",0,50,0,3,54,4286,839.7928
2010,16,"Agriculture",0,23,0,9,25,4286,943.0613
2010,16,"Services",1,25,0,12,48,4000,766.7589
2010,16,"Services",1,22,0,10,60,3000,962.6558
2010,16,"Services",0,25,0,6,50,12857,944.1438
2010,16,"Services",0,36,0,5,19,2143,702.2457
2010,16,"Services",1,26,1,11,40,4000,791.7327
2010,16,"Manufacturing",1,51,0,10,52,8571,788.0121
2010,16,"Services",1,24,0,12,25,1500,883.8458
2010,16,"Services",1,34,0,16,5,1200,851.3552
2010,16,"Services",0,35,0,9,55,2143,753.7106
2010,16,"Agriculture",0,36,0,0,42,3429,784.5461
2010,16,"Manufacturing",0,19,0,9,48,2143,716.457
2010,16,"Manufacturing",1,20,0,12,48,6000,975.4179
2010,16,"Services",0,22,0,9,61,3000,796.762
2010,16,"Services",0,31,0,12,48,4000,833.1558
2010,16,"Services",0,19,0,0,65,3857,800.8998
2010,16,"Manufacturing",0,17,0,12,8,1714,736.8784
2010,16,"Agriculture",0,30,0,9,16,1286,747.8231
2010,16,"Services",1,33,0,12,20,771,777.981
2010,16,"Services",1,49,0,9,64,4286,793.0609
2010,16,"Manufacturing",0,29,0,9,48,4714,723.0169
2010,16,"Services",0,38,0,12,63,10000,815.9507
2010,16,"Manufacturing",1,72,0,2,6,429,728.7724
2010,16,"Agriculture",0,36,0,7,50,5143,753.2004
2010,16,"Services",0,27,0,3,16,5143,895.1228
2010,16,"Agriculture",0,16,0,8,40,3214,815.7075
2010,16,"Services",1,30,0,14,40,3857,720.9053
2010,16,"Services",0,34,0,6,35,6429,766.7791
2010,16,"Agriculture",0,41,0,0,40,3086,752.054
2010,16,"Agriculture",0,37,0,6,40,857,792.6424
2010,16,"Agriculture",0,33,0,9,36,4286,826.0605
2010,16,"Services",1,55,0,3,40,2143,743.8051
2010,16,"Services",1,54,0,9,16,1286,776.4557
2010,16,"Services",0,22,0,8,48,3600,772.4577
2010,16,"Services",1,33,0,12,40,6000,730.0907
2010,16,"Services",1,44,0,12,40,1714,721.867
2010,17,"Services",1,35,0,9,30,1500,810.4877
2010,17,"Services",1,54,0,9,66,3000,788.3857
2010,17,"Agriculture",0,50,0,11,24,3429,783.6522
2010,17,"Services",1,46,0,9,20,1714,787.1163
2010,17,"Services",0,30,0,16,46,7000,813.3492
2010,17,"Agriculture",0,40,0,9,45,83,800.5366
2010,17,"Services",0,20,0,6,98,3429,823.0253
2010,17,"Services",0,22,0,8,60,5571,794.2263
2010,17,"Services",1,54,0,9,60,6429,775.3517
2010,17,"Manufacturing",0,38,0,12,48,8000,813.8054
2010,17,"Services",0,45,0,16,40,5000,805.2478
2010,17,"Services",0,34,0,16,48,4286,812.8872
2010,18,"Agriculture",0,49,0,9,42,5143,815.4546
2010,18,"Agriculture",0,36,0,9,48,3429,804.932
2010,18,"Services",1,41,0,9,62,6429,784.9206
2010,18,"Manufacturing",1,48,0,6,48,857,801.5275
2010,19,"Services",1,40,0,6,10,429,139.5727
2010,19,"Manufacturing",0,41,0,12,48,4200,59.27786
2010,19,"Agriculture",0,27,0,9,60,2571,46.62162
2010,19,"Services",0,28,0,9,48,3429,127.7895
2010,19,"Agriculture",0,20,0,3,18,1071,252.5939
2010,19,"Services",0,41,0,12,56,18000,126.9598
2010,19,"Manufacturing",0,21,0,9,48,3000,136.7914
2010,19,"Services",0,44,0,9,40,12400,70.86005
2010,19,"Services",0,41,0,1,44,4286,118.0105
2010,19,"Services",0,50,0,6,48,6429,168.5789
2010,19,"Services",0,57,0,9,57,3429,50.9813
2010,19,"Services",1,42,0,11,25,4400,137.1403
2010,19,"Services",0,30,0,6,40,4286,62.46143
2010,19,"Services",0,50,0,12,48,3000,208.4759
2010,19,"Manufacturing",0,32,0,9,48,6000,134.7266
2010,19,"Services",1,37,0,6,42,2400,91.70657
2010,19,"Services",0,47,0,17,50,30000,157.7286
2010,19,"Services",0,40,0,17,45,24000,147.3989
2010,19,"Services",0,60,0,12,21,3429,40.10318
2010,19,"Manufacturing",0,42,0,19,40,4286,85.30136
2010,19,"Services",0,21,0,11,48,4286,138.3463
2010,19,"Services",1,21,1,12,48,5571,165.9654
2010,19,"Agriculture",0,46,0,6,70,2679,59.04095
2010,20,"Services",1,75,0,6,42,6214,1043.793
2010,20,"Services",0,33,1,0,48,3857,850.2946
2010,20,"Services",0,40,1,12,48,5143,1073.705
2010,20,"Agriculture",0,36,1,6,40,1286,1029.149
2010,20,"Services",0,50,1,0,72,1286,988.7073
2010,20,"Agriculture",0,39,1,0,48,1500,862.2715
2010,20,"Services",1,19,0,6,24,857,1049.845
2010,20,"Manufacturing",1,54,1,3,10,257,1024.823
2010,20,"Services",0,39,0,4,60,6429,965.9086
2010,20,"Services",1,67,0,9,55,2571,978.3868
2010,20,"Services",1,48,0,9,15,1071,955.0177
2010,20,"Agriculture",0,31,1,9,48,2143,1091.233
2010,20,"Agriculture",0,38,1,3,21,857,1065.952
2010,20,"Agriculture",1,50,1,0,24,107,957.9766
2010,20,"Manufacturing",1,30,1,9,10,429,943.686
2010,20,"Agriculture",0,29,0,6,40,1071,1083.237
2010,20,"Agriculture",0,60,1,0,30,1286,860.9229
2010,20,"Manufacturing",1,42,0,9,70,3429,965.9009
2010,20,"Services",1,22,0,12,15,7000,934.7919
2010,20,"Agriculture",0,18,0,9,36,3429,1080.629
2010,20,"Manufacturing",0,31,0,6,40,2143,1063.869
2010,20,"Agriculture",0,48,1,6,42,1029,849.5842
2010,20,"Services",0,25,0,6,70,5143,978.67
2010,20,"Services",0,26,0,9,36,4286,893.7985
2010,20,"Manufacturing",0,63,0,6,48,857,950.6519
2010,20,"Agriculture",0,68,0,0,84,857,864.4635
2010,20,"Agriculture",0,25,1,12,24,2143,871.2302
2010,20,"Services",0,20,0,9,36,3857,959.4774
2010,20,"Services",0,63,0,6,56,4286,996.584
2010,20,"Services",0,21,1,9,66,3857,1059.161
2010,20,"Services",0,43,1,5,80,2143,841.9015
2010,20,"Services",0,19,1,9,60,2571,1039.372
2010,20,"Services",0,50,0,6,55,4000,927.9413
2010,20,"Manufacturing",0,56,1,2,80,1286,984.7716
2010,20,"Agriculture",0,71,0,3,30,857,917.5254
2010,20,"Services",0,28,0,17,15,6000,1059.338
2010,20,"Agriculture",0,29,1,6,24,857,850.9056
2010,20,"Services",0,43,0,6,48,6429,1091.75
2010,20,"Services",0,22,0,9,72,2571,1104.192
2010,20,"Manufacturing",0,17,0,6,48,2571,1019.248
2010,20,"Services",0,50,1,12,66,3000,1048.958
2010,20,"Services",1,23,0,16,20,4000,968.0187
2010,20,"Services",1,43,0,16,25,8000,974.9331
2010,20,"Agriculture",0,22,1,0,50,2143,1068.579
2010,20,"Services",0,19,1,9,60,4071,1008.056
2010,20,"Agriculture",0,14,1,4,30,857,834.3425
2010,20,"Services",1,67,0,3,42,1800,1047.263
2010,20,"Services",0,44,0,12,72,2143,869.7514
2010,20,"Agriculture",1,55,1,0,27,1029,971.969
2010,20,"Agriculture",0,69,1,3,48,2571,1073.385
2010,20,"Services",1,22,1,9,60,3429,894.512
2010,20,"Agriculture",0,30,0,6,24,857,842.6505
2010,20,"Services",1,15,1,6,70,3000,945.3657
2010,20,"Services",0,42,1,6,49,4286,1039.957
2010,20,"Services",1,26,0,17,50,6000,998.6686
2010,20,"Services",1,43,0,6,35,857,866.7493
2010,20,"Agriculture",0,53,1,3,30,1071,841.3834
2010,20,"Services",0,37,1,16,40,7200,951.4933
2010,20,"Services",1,20,1,9,72,4500,972.7363
2010,20,"Agriculture",0,24,0,16,54,2143,1057.454
2010,20,"Services",0,24,1,6,27,4286,991.5799
2010,20,"Services",0,36,0,8,60,5143,970.3283
2010,20,"Agriculture",0,37,0,12,90,1071,898.5471
2010,20,"Manufacturing",1,69,1,1,40,857,972.8093
2010,20,"Agriculture",0,34,0,6,48,3429,911.5502
2010,20,"Manufacturing",1,60,0,0,49,214,977.7971
2010,20,"Services",0,28,0,12,25,4600,994.5204
2010,20,"Manufacturing",1,54,0,3,10,429,1011.775
2010,20,"Services",0,50,0,0,45,6429,982.473
2010,20,"Agriculture",0,32,0,0,70,857,999.085
2010,21,"Services",0,39,0,5,18,1286,744.242
2010,21,"Manufacturing",1,72,1,0,20,857,791.0352
2010,21,"Manufacturing",0,49,1,6,40,857,638.3914
2010,21,"Services",0,27,0,12,49,2143,751.3453
2010,21,"Agriculture",0,39,1,9,15,1157,664.0081
2010,21,"Agriculture",1,32,0,5,42,643,823.1257
2010,21,"Services",0,39,0,17,20,1607,772.2635
2010,21,"Manufacturing",0,43,0,9,40,2571,793.1769
2010,21,"Manufacturing",1,18,0,12,48,1286,744.252
2010,21,"Agriculture",0,40,1,6,48,1286,834.03
2010,21,"Services",1,30,0,9,48,4286,763.6648
2010,21,"Services",1,34,0,9,48,4286,745.8468
2010,21,"Agriculture",0,21,0,9,36,1714,756.0927
2010,21,"Services",0,17,0,9,40,4286,636.0527
2010,21,"Manufacturing",1,24,0,6,30,2143,667.1837
2010,21,"Agriculture",0,36,0,9,30,2143,746.2945
2010,21,"Agriculture",0,40,1,5,36,857,809.4877
2010,21,"Agriculture",1,35,0,4,70,1286,769.1553
2010,21,"Services",1,32,0,9,20,2571,787.4047
2010,21,"Services",1,23,0,12,8,300,742.9999
2010,21,"Services",1,55,1,0,40,1714,651.838
2010,21,"Agriculture",0,21,0,9,48,3000,812.0829
2010,21,"Services",0,45,0,6,20,1286,815.6909
2010,21,"Services",1,17,0,10,30,3857,844.4741
2010,21,"Agriculture",0,59,0,16,30,2571,746.684
2010,21,"Services",0,23,0,13,15,5200,765.4474
2010,21,"Manufacturing",1,20,0,9,60,2571,647.5912
2010,21,"Agriculture",0,60,1,3,18,200,754.4521
2010,21,"Manufacturing",1,27,0,9,40,2786,733.8953
2010,21,"Manufacturing",1,49,0,6,60,2571,717.7945
2010,21,"Manufacturing",0,20,0,12,54,3429,771.9388
2010,21,"Services",0,64,0,18,70,28000,756.8099
2010,21,"Agriculture",0,47,0,6,60,4714,758.9971
2010,21,"Services",1,28,0,12,50,1286,756.5085
2010,21,"Services",1,16,0,9,66,1071,809.2396
2010,21,"Agriculture",0,21,0,12,44,4286,758.6103
2010,21,"Agriculture",0,39,0,9,35,2143,756.577
2010,21,"Services",0,26,0,6,70,1286,862.1446
2010,21,"Services",1,24,0,14,30,2571,736.1799
2010,21,"Agriculture",0,15,1,0,50,643,824.1727
2010,21,"Services",0,24,0,9,46,4714,768.2804
2010,21,"Services",0,26,0,9,60,5143,769.894
2010,21,"Manufacturing",0,23,0,9,44,6429,813.1085
2010,21,"Services",1,29,0,9,45,1500,622.345
2010,21,"Manufacturing",1,40,1,0,38,343,788.2913
2010,21,"Services",0,22,0,9,60,8571,740.1369
2010,21,"Agriculture",1,27,0,6,30,2143,811.0694
2010,21,"Agriculture",0,22,0,12,48,3343,776.466
2010,21,"Services",1,16,1,6,84,2057,664.4585
2010,21,"Services",0,63,0,6,20,1286,658.2503
2010,21,"Services",0,25,0,16,25,7000,804.7229
2010,21,"Agriculture",0,17,0,10,50,3643,604.6105
2010,21,"Manufacturing",1,15,0,8,48,1500,770.9955
2010,21,"Agriculture",1,17,0,9,48,2786,796.3615
2010,21,"Services",1,14,0,7,12,1029,602.7468
2010,21,"Services",1,33,0,6,12,643,833.1479
2010,21,"Manufacturing",0,27,0,6,48,3000,805.7571
2010,21,"Manufacturing",0,36,0,8,50,3000,673.8382
2010,21,"Services",1,40,1,16,20,6000,652.0993
2010,21,"Services",0,32,1,6,54,3429,659.5574
2010,21,"Agriculture",0,27,1,3,42,1543,643.4744
2010,21,"Services",1,29,0,1,36,2143,671.3194
2010,21,"Manufacturing",0,44,1,6,48,6429,828.0731
2010,21,"Services",0,26,1,5,24,1286,823.5034
2010,22,"Agriculture",0,58,0,3,16,857,559.4714
2010,22,"Services",1,56,0,0,38,3214,614.769
2010,22,"Services",0,20,0,13,20,3600,654.715
2010,22,"Services",0,24,0,5,44,5143,658.8398
2010,22,"Manufacturing",0,30,0,6,20,2143,528.2645
2010,22,"Services",0,33,0,14,48,30000,629.9159
2010,22,"Services",1,22,0,9,48,3429,632.0946
2010,22,"Services",1,64,1,5,35,3600,592.7997
2010,23,"Services",1,38,1,2,60,4800,1193.892
2010,23,"Services",0,49,0,9,42,10714,1161.305
2010,23,"Agriculture",0,48,1,3,50,857,1098.324
2010,23,"Services",0,40,1,0,168,4286,1127.261
2010,24,"Agriculture",0,60,1,0,60,857,484.7504
2010,24,"Agriculture",0,25,0,9,48,3450,472.0747
2010,24,"Services",0,23,0,9,72,4000,362.2618
2010,24,"Services",1,36,0,6,4,1500,493.8787
2010,24,"Agriculture",0,49,0,1,24,2571,489.0178
2010,24,"Services",0,45,1,9,48,6429,489.1312
2010,24,"Manufacturing",1,19,0,12,72,2571,443.4821
2010,24,"Services",0,31,0,11,48,2571,405.8221
2010,24,"Services",1,38,0,9,35,5200,492.682
2010,24,"Agriculture",0,31,0,9,48,3343,425.4478
2010,24,"Services",1,42,0,9,8,643,488.5189
2010,24,"Services",1,52,0,5,48,4000,433.6241
2010,24,"Manufacturing",1,41,0,9,70,1500,483.0535
2010,24,"Services",1,43,0,9,40,3000,344.8535
2010,24,"Services",1,17,0,6,48,2571,508.1725
2010,24,"Services",1,26,0,6,18,1286,446.8859
2010,25,"Services",1,23,0,12,48,4500,601.997
2010,25,"Services",0,18,0,12,22,1714,670.262
2010,25,"Agriculture",0,52,0,12,48,4000,606.4353
2010,25,"Services",1,42,0,6,40,1000,492.9383
2010,25,"Agriculture",0,23,0,12,56,1286,730.1788
2010,25,"Services",0,33,0,11,40,3857,603.3113
2010,25,"Services",0,18,0,9,54,3000,678.0345
2010,25,"Agriculture",0,48,0,6,35,3000,570.5418
2010,25,"Services",0,31,0,9,48,2400,583.0082
2010,26,"Manufacturing",0,51,0,16,40,14284,273.0357
2010,26,"Services",1,22,0,16,22,7200,69.5474
2010,26,"Services",0,31,0,9,30,4000,165.3033
2010,26,"Manufacturing",1,37,0,6,50,2786,398.1075
2010,26,"Services",0,47,0,5,98,3857,189.9181
2010,26,"Services",1,22,0,12,40,3000,101.5832
2010,26,"Services",1,32,0,17,45,10400,392.7169
2010,26,"Services",0,23,0,12,56,6429,190.917
2010,26,"Manufacturing",0,27,0,9,48,4714,368.6724
2010,26,"Manufacturing",0,23,0,9,48,2143,54.01565
2010,26,"Services",0,34,0,16,40,40000,259.1646
2010,26,"Services",0,14,0,7,10,686,518.7771
2010,26,"Services",0,28,0,14,48,4286,155.9431
2010,26,"Services",0,27,0,12,54,4400,263.5013
2010,26,"Services",0,30,0,7,54,4000,14.89245
2010,26,"Services",0,42,0,6,48,6429,177.9361
2010,26,"Agriculture",0,50,0,0,48,2571,416.2704
2010,26,"Services",1,33,0,9,30,2571,35.41364
2010,26,"Agriculture",0,25,0,9,48,3857,207.7227
2010,26,"Agriculture",0,28,0,9,42,3000,221.1192
2010,26,"Services",0,52,0,18,48,30000,19.68556
2010,27,"Services",0,23,0,11,72,3857,928.1321
2010,27,"Manufacturing",0,32,0,9,60,1286,958.8294
2010,27,"Services",1,45,0,12,54,2500,980.0222
2010,27,"Manufacturing",0,37,0,9,70,3000,956.3241
2010,27,"Manufacturing",1,24,0,17,42,12000,960.9557
2010,27,"Services",0,19,0,12,60,4000,1007.719
2010,27,"Agriculture",0,30,0,9,48,1500,949.1584
2010,27,"Manufacturing",0,51,0,17,72,40000,1015.613
2010,28,"Services",1,23,0,15,63,10000,369.452
2010,28,"Services",1,25,0,8,24,1500,280.2769
2010,28,"Services",0,47,0,9,72,8571,394.3502
2010,28,"Agriculture",0,35,0,0,36,3214,350.0547
2010,28,"Services",0,19,0,9,70,3600,387.2272
2010,28,"Services",1,35,0,9,40,2000,14.36133
2010,28,"Services",1,21,0,13,42,3429,14.56162
2010,28,"Services",0,34,0,9,35,6000,335.8293
2010,28,"Services",0,20,0,2,11,7714,31.43134
2010,28,"Services",0,24,0,9,50,857,32.41521
2010,28,"Services",0,52,0,6,16,3857,395.3183
2010,28,"Services",0,64,0,3,40,5600,277.4661
2010,29,"Services",0,33,0,8,78,10000,719.3692
2010,29,"Services",1,25,0,9,16,429,698.0012
2010,29,"Services",1,50,0,6,40,1071,725.4496
2010,29,"Services",0,23,0,12,60,4286,718.9858
2010,29,"Services",0,21,0,12,84,4286,721.2845
2010,29,"Services",0,40,0,6,40,2786,722.1568
2010,29,"Services",0,37,0,11,40,3400,702.983
2010,29,"Manufacturing",1,48,0,3,63,2571,708.2332
2010,29,"Services",0,47,0,16,30,5600,720.3871
2010,29,"Services",1,34,0,6,42,3429,740.2283
2010,29,"Manufacturing",1,50,0,9,48,2800,703.7458
2010,29,"Services",0,46,0,4,32,4286,713.4433
2010,29,"Services",1,46,0,12,40,3000,721.6932
2010,29,"Manufacturing",1,63,0,2,70,900,711.2715
2010,29,"Manufacturing",1,30,0,6,48,3000,739.1146
2010,29,"Manufacturing",0,35,0,9,50,2786,693.4406
2010,29,"Services",0,35,0,9,48,3429,720.9195
2010,29,"Services",1,55,0,0,6,857,734.8839
2010,29,"Services",0,48,0,9,96,3600,736.9656
2010,29,"Manufacturing",0,18,0,9,90,3857,734.8749
2010,30,"Agriculture",0,46,0,6,70,3000,692.1662
2010,30,"Manufacturing",0,39,0,6,72,2571,679.5971
2010,30,"Agriculture",0,56,0,0,24,1714,819.1044
2010,30,"Services",1,44,0,13,25,6000,785.0265
2010,30,"Services",0,35,0,9,54,6429,679.4025
2010,30,"Services",1,17,0,9,66,2571,668.4507
2010,30,"Agriculture",0,39,0,12,77,3000,499.2991
2010,30,"Agriculture",0,43,0,2,60,3000,823.2879
2010,30,"Manufacturing",0,39,0,8,61,5571,720.0561
2010,30,"Agriculture",0,69,0,0,36,1286,776.9301
2010,30,"Services",1,53,0,0,78,8,763.9885
2010,30,"Agriculture",0,71,0,0,36,771,760.4209
2010,30,"Agriculture",0,28,0,9,48,2571,654.0762
2010,30,"Services",0,33,0,6,27,2571,724.0765
2010,30,"Services",0,40,0,3,84,3429,690.347
2010,30,"Services",0,38,0,6,84,6000,513.6854
2010,30,"Services",1,44,0,9,56,2357,705.7507
2010,30,"Services",0,37,0,6,60,5800,903.0208
2010,30,"Manufacturing",0,47,0,9,72,5143,596.2502
2010,30,"Services",1,55,0,0,10,514,781.4677
2010,30,"Services",0,35,1,6,36,3000,516.3165
2010,30,"Services",1,38,0,0,48,2571,900.6195
2010,30,"Services",1,46,0,15,84,3429,708.2593
2010,30,"Manufacturing",0,44,1,9,24,900,621.3465
2010,30,"Services",0,22,0,14,84,4000,594.6929
2010,30,"Services",1,59,0,0,25,429,872.8356
2010,30,"Services",1,45,1,16,25,5600,566.665
2010,30,"Agriculture",0,21,0,6,24,857,713.8817
2010,30,"Agriculture",0,48,0,1,30,2143,918.411
2010,30,"Manufacturing",0,54,1,5,32,1714,566.9824
2010,30,"Agriculture",0,42,0,9,36,500,920.2333
2010,30,"Agriculture",0,34,0,9,48,4500,762.586
2010,30,"Services",1,70,1,0,24,1714,620.8282
2010,30,"Services",0,33,0,12,15,8571,872.8414
2010,30,"Services",0,22,0,8,50,3857,765.2974
2010,30,"Services",1,42,0,12,72,4500,947.4562
2010,30,"Agriculture",0,23,1,0,54,1286,799.8521
2010,30,"Services",1,48,0,0,15,643,777.5315
2010,30,"Services",0,48,0,3,40,8571,911.5081
2010,30,"Services",0,32,0,0,54,3857,908.9875
2010,30,"Manufacturing",1,48,0,12,25,2143,419.1387
2010,30,"Services",0,28,0,16,70,8000,598.0133
2010,30,"Services",0,27,0,6,60,2143,755.0015
2010,30,"Services",0,42,0,8,22,1714,725.2805
2010,30,"Manufacturing",0,25,0,12,48,5143,775.9363
2010,30,"Services",0,40,0,6,54,2057,688.6617
2010,30,"Services",1,43,0,3,63,2057,842.1713
2010,30,"Agriculture",0,18,0,9,70,2400,844.8676
2010,30,"Manufacturing",0,24,1,6,74,3429,786.2452
2010,30,"Manufacturing",0,31,0,2,48,2571,675.7756
2010,30,"Manufacturing",0,18,1,6,60,4286,806.2766
2010,30,"Agriculture",0,19,0,9,21,1543,537.0843
2010,30,"Services",1,34,0,9,5,200,727.0408
2010,30,"Services",0,18,0,9,84,1286,518.7084
2010,30,"Agriculture",0,37,1,1,6,643,783.4728
2010,30,"Agriculture",0,77,1,0,30,1286,802.5204
2010,30,"Agriculture",0,46,0,16,84,3333,855.3477
2010,30,"Services",0,22,0,9,56,3000,695.1172
2010,30,"Agriculture",1,46,0,0,8,514,776.9675
2010,30,"Agriculture",0,40,0,3,49,2571,752.2692
2010,30,"Services",1,23,0,6,48,2143,675.4448
2010,30,"Services",1,50,0,2,48,3857,540.149
2010,30,"Services",1,19,0,12,50,3200,742.7692
2010,30,"Agriculture",0,35,0,1,23,1286,596.3332
2010,30,"Services",1,26,0,6,54,3429,914.1334
2010,30,"Agriculture",0,50,1,0,58,3000,569.6586
2010,30,"Services",0,59,0,6,40,4000,910.5177
2010,31,"Manufacturing",1,28,0,12,48,3429,965.3294
2010,31,"Services",0,43,1,6,60,4714,980.799
2010,31,"Agriculture",0,17,0,6,42,1286,937.2828
2010,31,"Agriculture",0,37,1,9,42,2571,939.1356
2010,31,"Agriculture",0,22,1,9,42,2143,994.4997
2010,31,"Agriculture",0,33,0,3,56,2571,946.1241
2010,31,"Services",1,51,0,16,35,10000,985.854
2010,31,"Manufacturing",0,46,1,0,54,5000,991.0279
2010,31,"Services",0,29,0,17,2,857,904.7193
2010,31,"Services",1,23,0,12,27,3857,951.6628
2010,31,"Services",0,24,1,4,60,2143,1064.392
2010,31,"Services",1,22,0,14,54,3200,929.2167
2010,31,"Services",0,54,0,16,40,20000,938.8502
2010,31,"Services",0,26,1,6,48,3429,951.8844
2010,31,"Agriculture",0,67,1,0,24,1050,1029.848
2010,31,"Services",0,36,0,6,48,4286,885.0873
2010,31,"Manufacturing",1,23,0,9,30,1286,971.6409
2010,31,"Services",0,57,1,3,70,2143,957.4727
2010,31,"Services",0,19,1,9,48,2571,1017.753
2010,31,"Manufacturing",1,46,1,1,42,600,1048.877
2010,31,"Services",0,24,0,12,60,1714,974.0841
2010,31,"Services",1,19,0,9,50,3214,1002.829
2010,31,"Manufacturing",0,32,0,9,48,3857,982.2911
2010,31,"Services",0,28,0,17,12,4000,1039.505
2010,31,"Manufacturing",0,36,0,9,54,2143,955.907
2010,31,"Agriculture",0,28,0,3,118,2786,991.6988
2010,31,"Services",0,20,0,9,49,1714,988.1313
2010,31,"Services",0,18,1,9,36,3000,1050.31
2010,31,"Services",0,38,1,6,72,2571,1019.981
2010,31,"Services",0,32,1,9,40,3000,1059.428
2010,31,"Services",0,23,0,9,60,5143,993.4314
2010,32,"Services",1,31,0,9,56,2000,304.2644
2010,32,"Manufacturing",1,61,0,6,42,2143,725.5255
2010,32,"Services",1,24,0,16,40,5000,447.9147
2010,32,"Manufacturing",0,43,0,12,8,2143,564.6076
2010,32,"Services",1,44,0,9,30,2143,481.1565
2010,32,"Services",0,48,0,0,49,2571,538.1368
2010,32,"Services",0,22,0,3,36,5143,646.8647
2010,32,"Agriculture",0,22,0,9,20,429,546.1758
2010,32,"Services",1,16,0,9,84,1071,586.3826
2010,32,"Agriculture",0,31,0,9,48,3086,519.7691
2010,32,"Services",0,52,0,2,105,3000,590.4454
2010,32,"Services",1,56,0,11,42,4000,542.1795
2010,32,"Services",1,32,0,5,42,2143,516.5598
2010,1,"Services",1,47,0,6,48,2571,616.0118
2010,2,"Services",1,28,0,12,48,4286,262.4229
2010,2,"Manufacturing",1,30,0,9,48,5143,262.4229
2010,2,"Services",1,25,0,12,48,5143,90.35693
2010,2,"Services",1,25,0,12,48,6000,90.35693
2010,2,"Manufacturing",1,34,0,12,45,5143,17.32809
2010,2,"Services",0,24,0,12,72,10000,17.32809
2010,2,"Services",1,40,0,2,18,2571,17.32809
2010,2,"Services",0,65,0,1,74,4714,17.32809
2010,2,"Services",0,33,0,12,48,5000,17.32809
2010,2,"Manufacturing",0,52,0,12,48,21429,17.32809
2010,3,"Services",0,37,0,12,8,3429,789.9296
2010,5,"Services",0,28,0,9,40,6429,163.7008
2010,5,"Services",1,60,0,16,30,1071,131.0172
2010,5,"Services",1,15,0,8,30,214,419.9296
2010,5,"Manufacturing",0,40,0,6,25,2571,72.06271
2010,6,"Manufacturing",0,42,0,6,36,7286,935.5383
2010,6,"Services",1,33,0,16,20,4000,935.5383
2010,6,"Services",0,36,0,9,54,2914,919.9224
2010,7,"Services",1,30,0,3,36,1286,1182.047
2010,7,"Agriculture",0,78,1,0,48,500,1106.664
2010,7,"Services",1,31,0,9,40,2800,1108.55
2010,7,"Agriculture",0,24,1,4,36,2057,1087.248
2010,7,"Services",0,20,0,12,40,1929,1348.003
2010,7,"Agriculture",0,53,0,0,38,1286,1314.515
2010,7,"Services",1,69,0,0,56,1714,1151.218
2010,7,"Services",0,28,0,6,48,2571,1095.017
2010,7,"Manufacturing",0,20,1,12,38,2143,1087.035
2010,7,"Services",0,21,1,9,48,1286,1111.938
2010,7,"Agriculture",0,45,1,0,25,83,1109.024
2010,8,"Services",0,38,0,12,48,3000,180.4188
2010,8,"Manufacturing",1,21,0,9,40,2571,141.1313
2010,8,"Services",0,26,0,12,54,4500,29.83639
2010,8,"Services",0,33,0,8,40,8571,29.83639
2010,9,"Services",0,52,0,10,60,6000,719.3757
2010,9,"Services",0,25,0,9,70,6000,719.3757
2010,9,"Services",1,58,0,3,48,2200,719.3757
2010,9,"Manufacturing",0,28,0,9,40,3000,719.3757
2010,9,"Services",1,26,0,15,40,5143,719.3757
2010,9,"Services",0,36,0,12,55,6000,730.359
2010,9,"Services",1,34,0,12,40,6000,734.6133
2010,9,"Services",0,22,0,8,30,429,734.6133
2010,9,"Services",0,62,0,4,15,3429,734.6133
2010,9,"Services",1,34,1,6,9,1500,734.6133
2010,9,"Services",1,42,0,16,56,4286,734.6133
2010,9,"Services",0,24,0,16,55,3000,734.6133
2010,9,"Services",0,36,0,12,26,6429,734.6133
2010,9,"Services",0,26,0,12,72,8000,734.6133
2010,9,"Services",0,42,0,12,60,2000,734.6133
2010,9,"Services",0,33,0,9,35,8571,734.6133
2010,9,"Services",0,51,0,6,12,17143,748.4044
2010,9,"Services",1,46,0,12,48,4286,740.6537
2010,9,"Services",0,65,0,2,66,6429,740.6537
2010,9,"Manufacturing",0,23,1,9,72,3429,741.1616
2010,9,"Manufacturing",1,37,0,9,50,3857,754.4653
2010,9,"Services",0,61,0,12,80,10000,754.4653
2010,9,"Services",0,50,0,16,25,8000,754.4653
2010,9,"Services",0,24,0,9,45,2600,727.9907
2010,9,"Services",1,64,0,3,15,1071,727.9907
2010,9,"Services",1,37,0,12,50,4286,729.7401
2010,9,"Services",1,57,0,16,40,20000,729.7401
2010,9,"Services",0,26,0,9,50,3000,726.7211
2010,10,"Services",1,33,0,9,40,1714,573.7803
2010,10,"Services",1,40,0,6,15,1286,359.3846
2010,10,"Services",0,55,0,2,56,3429,388.4612
2010,10,"Manufacturing",0,20,0,9,40,3000,388.4612
2010,10,"Services",0,31,0,7,45,5357,423.7854
2010,10,"Services",0,23,0,9,48,3857,475.0348
2010,11,"Agriculture",0,60,0,0,48,2571,620.8721
2010,11,"Services",1,39,0,9,24,1500,686.9897
2010,11,"Agriculture",1,27,0,1,40,1071,686.9897
2010,11,"Services",1,48,0,5,20,4286,635.447
2010,11,"Services",1,43,0,3,45,5571,635.447
2010,11,"Services",0,59,0,19,40,5000,635.447
2010,11,"Services",0,28,0,8,48,3000,668.3053
2010,11,"Services",1,42,0,9,48,1286,644.6589
2010,11,"Services",1,42,0,9,105,2143,644.6589
2010,12,"Manufacturing",0,42,0,1,65,3857,1007.945
2010,12,"Services",1,38,0,9,60,4000,1007.945
2010,12,"Manufacturing",1,40,0,1,49,214,905.5715
2010,12,"Manufacturing",0,73,0,0,24,129,905.5715
2010,12,"Services",0,41,1,6,70,4286,933.4567
2010,12,"Services",1,48,1,0,30,3000,966.9335
2010,12,"Services",0,62,0,6,48,8571,966.9335
2010,12,"Manufacturing",0,56,0,9,72,2571,931.0129
2010,12,"Services",0,16,0,9,15,643,931.0129
2010,12,"Manufacturing",0,27,0,10,36,1286,931.0129
2010,12,"Agriculture",0,12,0,4,44,400,931.0129
2010,12,"Services",1,44,1,0,70,1500,985.688
2010,12,"Manufacturing",1,48,1,0,48,300,992.3282
2010,12,"Manufacturing",1,27,1,5,25,200,992.3282
2010,12,"Agriculture",0,27,1,1,42,3086,992.3282
2010,12,"Services",0,42,1,6,25,857,910.3427
2010,12,"Manufacturing",1,38,1,0,80,3000,910.3427
2010,12,"Services",1,27,0,9,60,2143,1024.191
2010,12,"Services",0,40,0,12,75,3000,1024.191
2010,13,"Services",1,45,0,6,42,3000,626.9273
2010,13,"Services",1,29,0,15,48,2143,626.9273
2010,13,"Services",0,30,0,9,48,857,631.7627
2010,13,"Services",1,68,0,2,84,429,652.0237
2010,13,"Services",0,23,1,9,35,1714,590.4026
2010,13,"Services",1,21,0,12,25,1000,565.24
2010,13,"Services",1,28,0,9,20,1714,647.3002
2010,13,"Services",0,53,0,9,64,5143,647.3002
2010,13,"Services",1,38,0,16,32,9200,647.3002
2010,13,"Services",0,42,0,6,78,4286,636.9749
2010,14,"Manufacturing",0,25,0,9,48,6429,731.6204
2010,14,"Services",0,41,0,0,48,12857,966.6745
2010,14,"Services",0,35,0,6,56,3857,863.9944
2010,14,"Services",0,53,0,11,48,5000,764.11
2010,14,"Services",0,50,0,19,50,70000,764.11
2010,14,"Services",0,19,0,12,48,3000,764.11
2010,14,"Manufacturing",0,40,0,6,48,5143,764.11
2010,14,"Services",1,31,0,12,48,5143,764.11
2010,14,"Services",1,30,0,16,40,6000,764.11
2010,14,"Services",0,68,0,3,56,4286,764.11
2010,14,"Agriculture",0,37,0,12,40,5143,785.9249
2010,14,"Services",0,51,0,3,48,4264,757.6599
2010,14,"Manufacturing",1,32,0,10,40,3429,771.7924
2010,14,"Agriculture",0,16,0,6,42,2143,672.0007
2010,14,"Manufacturing",1,23,0,12,32,4071,682.9425
2010,14,"Services",0,40,0,4,50,2400,717.3967
2010,14,"Services",0,36,0,16,45,4714,772.8071
2010,14,"Services",0,38,0,12,66,18000,772.8071
2010,14,"Services",1,61,0,6,54,3000,772.8071
2010,14,"Services",0,37,0,8,48,4286,772.8071
2010,14,"Manufacturing",0,22,0,9,50,2143,772.8071
2010,14,"Manufacturing",0,16,0,6,48,3000,762.6812
2010,14,"Services",0,34,0,9,84,5143,762.6812
2010,14,"Manufacturing",1,27,0,6,50,3429,762.6318
2010,14,"Services",0,19,0,9,48,5143,762.6318
2010,14,"Services",0,50,0,16,50,11000,762.6318
2010,15,"Manufacturing",1,19,1,12,48,2143,766.2702
2010,15,"Services",0,19,0,12,54,7714,668.8113
2010,15,"Manufacturing",0,19,0,6,48,3857,711.3158
2010,15,"Services",1,25,0,9,48,2143,716.8962
2010,15,"Services",1,57,0,6,48,4286,716.8962
2010,15,"Services",0,40,0,12,70,5143,705.9521
2010,15,"Manufacturing",0,47,0,15,48,7286,700.6726
2010,15,"Manufacturing",0,41,0,12,48,5500,700.6726
2010,15,"Manufacturing",0,47,0,9,40,5143,740.3165
2010,15,"Services",0,54,0,12,60,5143,710.1478
2010,15,"Manufacturing",0,38,0,9,70,4286,710.1478
2010,15,"Services",0,47,1,12,40,4000,710.1478
2010,15,"Services",1,18,0,8,10,857,710.1478
2010,15,"Manufacturing",0,38,0,9,40,6429,710.1478
2010,15,"Services",0,42,0,17,84,10714,710.1478
2010,15,"Services",0,46,0,6,100,7000,710.1478
2010,15,"Services",1,32,0,17,50,6429,710.1478
2010,15,"Services",1,44,0,6,54,2400,738.0994
2010,15,"Services",0,34,0,9,48,30000,738.0994
2010,15,"Services",0,40,0,6,42,8571,725.9186
2010,15,"Services",0,48,0,17,48,13000,725.9186
2010,15,"Services",0,38,0,17,77,2571,778.3336
2010,15,"Services",0,24,0,10,80,2500,716.7256
2010,15,"Services",1,43,1,6,30,2571,716.7256
2010,15,"Manufacturing",0,37,0,9,48,6000,758.4081
2010,15,"Services",0,32,0,6,78,15000,758.4081
2010,15,"Services",0,40,0,17,55,25000,707.2991
2010,15,"Services",0,40,0,9,120,17143,707.2991
2010,15,"Manufacturing",0,29,0,10,45,4714,707.2991
2010,15,"Services",0,21,0,12,48,2357,707.2991
2010,15,"Services",0,35,0,3,42,5143,685.5952
2010,15,"Services",0,53,0,9,48,7000,706.0573
2010,15,"Services",0,27,0,10,54,2000,740.0302
2010,16,"Manufacturing",0,68,0,0,84,2000,944.1438
2010,16,"Agriculture",0,15,0,5,40,2571,883.8458
2010,16,"Services",0,50,0,9,42,12000,753.7106
2010,16,"Services",0,35,0,6,80,1286,716.457
2010,16,"Services",1,64,0,12,36,2571,736.8784
2010,16,"Services",0,39,0,2,3,1929,793.0609
2010,16,"Services",0,35,0,6,60,8571,793.0609
2010,16,"Services",0,42,0,9,40,2571,723.0169
2010,16,"Services",0,58,0,17,40,7600,776.4557
2010,16,"Manufacturing",0,30,0,16,80,20000,772.4577
2010,17,"Services",1,46,0,6,48,3857,783.6522
2010,17,"Services",1,39,0,12,12,3429,783.6522
2010,17,"Services",0,47,0,12,60,5143,794.2263
2010,17,"Agriculture",1,45,0,6,25,3214,805.2478
2010,18,"Services",0,64,0,6,48,6429,784.9206
2010,19,"Manufacturing",1,30,0,9,48,6429,139.5727
2010,19,"Services",0,43,0,6,43,2400,139.5727
2010,19,"Services",1,39,0,8,30,2000,46.62162
2010,19,"Services",1,29,0,16,70,4286,127.7895
2010,19,"Manufacturing",0,29,0,14,45,8143,127.7895
2010,19,"Manufacturing",0,23,0,12,60,5571,127.7895
2010,19,"Services",0,30,0,12,35,5571,127.7895
2010,19,"Services",0,42,0,11,50,6429,127.7895
2010,19,"Manufacturing",1,55,0,6,48,4286,127.7895
2010,19,"Manufacturing",1,39,0,10,40,12000,126.9598
2010,19,"Manufacturing",0,37,0,11,50,10000,137.1403
2010,19,"Services",0,42,0,9,40,4286,137.1403
2010,19,"Services",1,42,0,13,40,8000,208.4759
2010,19,"Services",1,36,0,17,35,100,147.3989
2010,19,"Services",0,38,0,16,45,8571,147.3989
2010,19,"Services",1,54,0,18,15,12000,147.3989
2010,19,"Services",0,32,0,16,12,70000,147.3989
2010,19,"Services",1,51,0,6,35,5000,138.3463
2010,20,"Agriculture",0,25,1,6,40,1286,850.2946
2010,20,"Agriculture",0,23,1,9,15,771,862.2715
2010,20,"Services",1,29,0,16,20,6000,965.9086
2010,20,"Services",1,55,0,5,84,3429,965.9086
2010,20,"Services",0,30,1,6,45,2143,849.5842
2010,20,"Services",0,40,0,12,12,6429,950.6519
2010,20,"Services",1,45,0,2,40,8571,974.9331
2010,20,"Services",0,30,0,6,48,4714,974.9331
2010,20,"Services",1,41,0,9,49,3000,974.9331
2010,21,"Services",1,17,0,6,60,2143,744.242
2010,21,"Services",0,16,0,9,54,429,751.3453
2010,21,"Services",0,48,0,16,66,24000,772.2635
2010,21,"Manufacturing",0,33,0,6,48,2143,793.1769
2010,21,"Services",0,24,0,9,70,4000,793.1769
2010,21,"Manufacturing",1,39,1,6,15,180,651.838
2010,21,"Services",1,49,0,15,48,3000,815.6909
2010,21,"Services",0,23,0,6,60,1286,746.684
2010,21,"Services",1,60,1,2,60,1071,754.4521
2010,21,"Manufacturing",0,45,0,6,48,4071,756.8099
2010,21,"Services",1,30,0,8,40,8571,758.9971
2010,21,"Services",1,44,0,8,40,2571,756.577
2010,21,"Services",0,23,0,6,24,3214,769.894
2010,21,"Services",0,54,0,6,84,10714,813.1085
2010,21,"Manufacturing",0,41,0,12,40,5571,813.1085
2010,21,"Agriculture",0,58,0,0,56,3000,813.1085
2010,21,"Agriculture",0,63,0,2,49,3429,813.1085
2010,21,"Manufacturing",1,37,1,6,10,193,788.2913
2010,21,"Manufacturing",1,38,1,2,50,2571,658.2503
2010,21,"Services",1,54,0,2,84,3429,804.7229
2010,21,"Manufacturing",0,28,0,6,36,2571,770.9955
2010,22,"Services",0,61,0,12,84,5143,629.9159
2010,22,"Services",1,66,0,6,35,429,629.9159
2010,22,"Services",0,42,1,6,40,4714,592.7997
2010,23,"Services",1,24,0,9,48,7000,1193.892
2010,23,"Services",0,26,1,16,66,8571,1127.261
2010,24,"Services",1,32,1,9,30,1286,484.7504
2010,24,"Services",0,17,0,7,60,3857,489.0178
2010,24,"Services",0,51,0,17,40,6000,492.682
2010,24,"Services",0,17,1,11,10,10000,492.682
2010,24,"Services",0,37,0,9,10,2143,492.682
2010,24,"Services",0,56,1,9,35,9000,433.6241
2010,25,"Services",0,41,0,12,110,6429,606.4353
2010,25,"Agriculture",0,35,0,11,40,6429,606.4353
2010,25,"Manufacturing",0,44,0,18,54,24000,678.0345
2010,25,"Agriculture",0,37,0,7,10,1286,678.0345
2010,25,"Services",1,21,0,9,56,3000,570.5418
2010,25,"Services",0,39,0,11,30,8571,583.0082
2010,26,"Services",0,38,0,9,10,3000,165.3033
2010,26,"Services",0,49,0,9,45,6429,392.7169
2010,26,"Services",0,30,0,9,72,40000,259.1646
2010,26,"Agriculture",0,30,0,9,48,2571,518.7771
2010,26,"Manufacturing",0,32,0,7,40,6429,14.89245
2010,26,"Manufacturing",0,29,0,9,48,3000,14.89245
2010,26,"Services",0,23,0,9,48,7200,14.89245
2010,27,"Services",1,24,0,11,40,2143,958.8294
2010,27,"Services",1,35,0,17,40,30000,980.0222
2010,28,"Services",0,43,0,12,50,6429,369.452
2010,28,"Services",1,21,0,12,30,1714,369.452
2010,28,"Services",0,16,0,10,48,2571,387.2272
2010,28,"Manufacturing",0,62,0,9,30,2143,387.2272
2010,28,"Services",0,44,0,9,48,3000,387.2272
2010,28,"Services",1,17,0,9,30,2571,14.56162
2010,28,"Services",1,58,0,0,20,1286,32.41521
2010,28,"Services",1,33,0,9,48,3214,32.41521
2010,28,"Services",1,35,0,18,16,6000,277.4661
2010,29,"Services",1,30,0,12,20,1929,725.4496
2010,29,"Services",1,35,0,9,9,1714,725.4496
2010,29,"Agriculture",0,74,0,0,28,3429,702.983
2010,29,"Services",0,35,0,6,98,5143,740.2283
2010,29,"Manufacturing",1,25,0,6,50,1286,740.2283
2010,29,"Manufacturing",0,36,0,9,40,11571,703.7458
2010,29,"Services",1,33,0,7,24,1800,721.6932
2010,29,"Services",0,31,0,6,42,3429,693.4406
2010,29,"Services",0,32,0,17,60,5571,734.8839
2010,29,"Services",1,50,0,6,20,857,734.8749
2010,30,"Agriculture",0,31,0,0,48,2143,692.1662
2010,30,"Manufacturing",0,47,0,12,48,4000,760.4209
2010,30,"Agriculture",0,27,0,6,84,4286,724.0765
2010,30,"Services",0,20,0,6,72,6000,690.347
2010,30,"Services",0,52,0,1,48,1286,708.2593
2010,30,"Services",1,51,0,6,12,1071,594.6929
2010,30,"Services",1,39,0,9,60,3214,762.586
2010,30,"Agriculture",0,37,1,6,55,3086,620.8282
2010,30,"Services",1,31,0,11,91,12857,947.4562
2010,30,"Agriculture",0,64,1,0,40,1714,799.8521
2010,30,"Services",0,46,0,12,96,5571,911.5081
2010,30,"Agriculture",0,42,0,9,7,2000,419.1387
2010,30,"Services",1,50,0,11,52,2571,842.1713
2010,30,"Manufacturing",0,29,1,6,48,1286,786.2452
2010,30,"Agriculture",0,23,0,6,48,2571,727.0408
2010,30,"Manufacturing",0,37,0,6,30,4286,802.5204
2010,30,"Services",0,34,0,12,48,3000,742.7692
2010,30,"Services",1,41,0,6,30,3600,742.7692
2010,31,"Services",0,37,1,9,84,8571,994.4997
2010,31,"Services",0,21,0,12,48,5000,938.8502
2010,31,"Services",0,26,0,16,13,5000,938.8502
2010,31,"Services",1,32,0,12,24,857,1029.848
2010,31,"Agriculture",0,62,1,2,36,429,971.6409
2010,31,"Manufacturing",0,56,1,9,40,3429,988.1313
2010,32,"Agriculture",0,42,1,0,40,4286,725.5255
2010,32,"Manufacturing",1,22,0,9,72,4286,564.6076
